architecture,final_value
bigfive,0.27731566662297036
rule,0.3460283600840348
schwartz,0.0
