architecture,final_value
bigfive,1242.0651346774698
rule,4097.790711621355
schwartz,0.0
