architecture,final_value
bigfive,0.34491315136476425
rule,0.44178628389154706
schwartz,0.0
