architecture,final_value
bigfive,0.520177403065033
llm,0.0
rule,0.3460283600840348
schwartz,0.0
