architecture,final_value
bigfive,0.4955436720142603
llm,0.0
rule,0.2962498223038166
schwartz,0.0
