architecture,final_value
bigfive,17.203007518796994
rule,36.3542600896861
schwartz,18.677419354838708
