architecture,final_value
bigfive,0.4437864766812136
rule,0.2962498223038166
schwartz,0.4684033595646804
