architecture,final_value
bigfive,3.0977216030436274
rule,2.431287326743598
schwartz,1.9937053321393021
