architecture,final_value
credit,"Dict(:p25 => 20.25, :p75 => 59.54625, :p50 => 39.815, :p90 => 107.70000000000002, :p99 => 168.089, :p95 => 141.28249999999994)"
