architecture,final_value
bigfive,5.126356034443342
llm,2.4495706526956194
rule,3.532104702824557
schwartz,2.3897704058987332
