architecture,final_value
bigfive,0.4593525365649842
llm,0.45691998185440097
rule,0.4573389685002971
schwartz,0.44053357844535856
