architecture,final_value
bigfive,0.0224609375
llm,0.01953125
rule,0.0234375
schwartz,0.021484375
