architecture,final_value
bigfive,3.8011194565385535
llm,3.6033692445782943
rule,3.8565712309833495
schwartz,3.7456676820937576
