architecture,final_value
bigfive,2.924477149350997
llm,2.8126710296043056
rule,3.6066052908544957
schwartz,3.520957284825995
