architecture,final_value
bigfive,0.388051694792962
llm,0.3371875893606686
rule,0.2684095422735011
schwartz,0.3345300884163116
