architecture,final_value
bigfive,33.98770491803279
llm,37.01855670103093
rule,46.26125
schwartz,36.54434250764526
