architecture,final_value
bigfive,0.3936988334461293
llm,0.24892861853348092
rule,0.2430811408691087
schwartz,0.3307725538979256
