Architecture,Value,Relative_to_Best,Relative_to_Worst
bigfive,5.731120268218019,Best (0.0%),+24.0%
schwartz,4.674186213444745,-18.4%,+1.1%
llm,4.628644723446226,-19.2%,+0.1%
rule,4.622755992415816,-19.3%,Worst (0.0%)
