architecture,final_value
bigfive,0.0234375
llm,0.02294921875
rule,0.02294921875
schwartz,0.021484375
