architecture,final_value
bigfive,3.856571230983349
llm,3.8183803808856607
rule,3.8183803808856607
schwartz,3.7247377563431763
