architecture,final_value
bigfive,5.731120268218019
llm,4.628644723446226
rule,4.622755992415816
schwartz,4.674186213444745
