architecture,final_value
bigfive,39.9
llm,27.795999999999996
rule,0.8200000000000003
schwartz,15.0
