architecture,final_value
bigfive,0.18181818181818182
llm,0.6666666666666666
rule,0.0
schwartz,1.0
