architecture,final_value
bigfive,0.5082510394546653
llm,0.4754713132667032
rule,0.4813449989166978
schwartz,0.4318093740159381
